{"cameraMode":{"drawMode":0,"name":"Shaded","section":"Shading Mode"},"sceneLighting":true,"audioPlay":false,"sceneViewState":{"m_AlwaysRefresh":false,"showFog":true,"showSkybox":true,"showFlares":true,"showImageEffects":true,"showParticleSystems":true,"showVisualEffectGraphs":true,"m_FxEnabled":true},"in2DMode":false,"pivot":{"x":-0.2851613759994507,"y":-0.1885262429714203,"z":-0.804436445236206},"rotation":{"x":0.206121563911438,"y":0.0043994951993227009,"z":-0.0009223064407706261,"w":0.9785254597663879},"size":5.759176731109619,"orthographic":false}