{"cameraMode":{"drawMode":0,"name":"Shaded","section":"Shading Mode"},"sceneLighting":true,"audioPlay":false,"sceneViewState":{"m_AlwaysRefresh":false,"showFog":true,"showSkybox":true,"showFlares":true,"showImageEffects":true,"showParticleSystems":true,"showVisualEffectGraphs":true,"m_FxEnabled":true},"in2DMode":false,"pivot":{"x":-0.22188588976860047,"y":3.348419666290283,"z":-0.18472442030906678},"rotation":{"x":0.005592488218098879,"y":-0.990880012512207,"z":0.12733736634254456,"w":0.04342033714056015},"size":3.5806987285614015,"orthographic":false}